dataset,model,num_epochs,avg_train_loss,avg_val_loss,avg_test_loss,avg_train_metric,avg_val_metric,avg_test_metric,avg_time_per_epoch
reddit,gcn,717,0.24890827112472974,0.17864540442824364,0.34127113968133926,0.9019831730769232,0.9318142294883728,0.8697916567325592,0.3049079593347043
reddit,gcn,480,0.25875454396009445,0.19324180781841277,0.3634218990802765,0.8905048076923077,0.9191840171813965,0.8658854067325592,0.297948389637227
reddit,gcn,688,0.2754444834131461,0.20138444304466246,0.38564987778663634,0.8859375,0.9293402701616287,0.8511284589767456,0.30328878091306105
reddit,gcn,611,0.24751285119698602,0.18476398847997189,0.3577786162495613,0.8981370192307694,0.9276041567325592,0.8736979067325592,0.30255546861765337
reddit,gcn,449,0.266068091071569,0.1870197720825672,0.3509333923459053,0.8832331730769232,0.9283854067325592,0.8701822817325592,0.30447002819606234
reddit,gat,214,0.693145846403562,0.6929922372102737,0.6929922372102737,0.5018629807692307,0.609375,0.609375,0.4883242383295176
reddit,gat,213,0.6931485914267027,0.6930483281612396,0.6930483251810073,0.4991586538461538,0.609375,0.609375,0.48487056031519055
reddit,gat,215,0.6931472095159383,0.6930615782737732,0.693061575293541,0.5004206730769231,0.609375,0.609375,0.48300785434489346
reddit,gat,228,0.693147992170774,0.6931616395711899,0.6931616455316544,0.49278846153846156,0.434375,0.434375,0.4834784780229841
reddit,gat,211,0.6931473713654739,0.6931131243705749,0.6931131184101105,0.5001802884615384,0.609375,0.609375,0.48492254529680523
reddit,set2set,213,0.6931479440285608,0.6930883258581162,0.6930883318185806,0.4988581730769231,0.609375,0.609375,1.0994927688520781
reddit,set2set,211,0.6931475075391622,0.6931621789932251,0.6931621789932251,0.5003004807692308,0.390625,0.390625,1.1010402611323766
reddit,set2set,212,0.6931476781001458,0.6932318300008774,0.6932318091392518,0.5001201923076923,0.390625,0.390625,1.0983791448632065
reddit,set2set,213,0.6931476473808289,0.693139711022377,0.693139711022377,0.49681490384615384,0.565625,0.565625,1.1183997806237669
reddit,set2set,212,0.6931485244861016,0.6930743962526321,0.6930743992328644,0.49867788461538465,0.609375,0.609375,1.1201709922479124
zinc,gcn,198,0.4253113345243037,0.47880766779184347,0.44141992062330243,0.4253113345243037,0.47880766779184347,0.44141992062330243,0.6530001260796372
zinc,gcn,213,0.4223076513595879,0.47447013616561895,0.43959001690149313,0.4223076513595879,0.47447013616561895,0.43959001690149313,1.2190022127968925
zinc,gcn,197,0.4364898277446628,0.4778375855088234,0.438761175274849,0.4364898277446628,0.4778375855088234,0.438761175274849,1.1518183873624217
zinc,gcn,272,0.4074111627042294,0.4696721047163009,0.42996191173791887,0.4074111627042294,0.4696721047163009,0.42996191173791887,1.1276658408495845
zinc,gcn,233,0.4199159204214811,0.4836932355165482,0.44761386811733245,0.4199159204214811,0.4836932355165482,0.44761386811733245,1.1698778405481456
zinc,gat,139,0.23813786156475544,0.4619604369997978,0.42452227711677554,0.23813786156475544,0.4619604369997978,0.42452227711677554,1.778990886649307
zinc,gat,146,0.2069373429287225,0.47530962973833074,0.4513813236355782,0.2069373429287225,0.47530962973833074,0.4513813236355782,1.7957842593290367
zinc,gat,155,0.20110164192505184,0.461072971522808,0.4245126640796661,0.20110164192505184,0.461072971522808,0.4245126640796661,2.0503807895037593
zinc,gat,125,0.27937518678605555,0.4715605616569519,0.43066847860813146,0.27937518678605555,0.4715605616569519,0.43066847860813146,2.0424727177133364
zinc,gat,138,0.23214449964463713,0.4629804351925849,0.4447555488348007,0.23214449964463713,0.4629804351925849,0.4447555488348007,2.048413403180181
zinc,set2set,158,0.22494589804671702,0.5192926385998726,0.5071924856305123,0.22494589804671702,0.5192926385998726,0.5071924856305123,1.5537292859992202
zinc,set2set,150,0.2686865011975169,0.5355468958616256,0.48879274129867556,0.2686865011975169,0.5355468958616256,0.48879274129867556,1.5541638549493284
zinc,set2set,122,0.3485305624641478,0.5354875326156616,0.5103822618722915,0.3485305624641478,0.5354875326156616,0.5103822618722915,1.5715380785416584
zinc,set2set,130,0.30201707066968086,0.548861536681652,0.48683353513479233,0.30201707066968086,0.548861536681652,0.48683353513479233,1.5561612236256501
zinc,set2set,139,0.3261938051879406,0.5353433606028558,0.4651652902364731,0.3261938051879406,0.5353433606028558,0.4651652902364731,1.5529926601721316
